Category,UN ONLY,UN Co-Author with NON-UN Stakeholders,NO UN,UN Aggregate,public university,private university,government,research/business,civil society
Participation,0.1714285714,0.3168469862,0.2003642987,0.1849719303,0.2003642987,0.2614727839,0.1260869565,0.2118853454,0.3713892694
Policy Coherence,0.1142857143,0.2009273571,0.1517911354,0.1223549734,0.1517911354,0.1707577378,0.1130434783,0.06053867062,0.1375515823
Democratic Institutions,0.2666666667,0.2550231837,0.321797207,0.2655822657,0.321797207,0.3468516549,0.08260869565,0.3848529773,0.2475928478
Reflexivity & Adaptation,0.4476190476,0.227202473,0.3260473588,0.4270908306,0.3260473588,0.2209178233,0.6782608696,0.4255003706,0.2434663006